date,AAPL,MSFT,JPM,AMZN,F,TSLA,GM,BAC,EPU
2015-01-01,0.29005155043269876,0.2783244894674341,0.27380454951606104,0.2701928353136916,0.27444178447139583,0.37903454544562387,0.26375116990690806,0.3022997769412534,120.54422995171836
2015-02-01,0.31130238796075405,0.37403397111140385,0.2771095757752764,0.44194539772787966,0.23762698080684985,0.3626335011820304,0.27765418732421104,0.33035328358083443,87.60946941534985
2015-03-01,0.2381272227034876,0.23637324969273807,0.19586320291999648,0.2960124463223679,0.19506582533049477,0.35556844937939797,0.2214787612467581,0.2309538824239432,95.97896260680174
2015-04-01,0.20566213530343205,0.2351485218204427,0.17051550354178385,0.24105022478235347,0.16659729326835993,0.35823364556968107,0.18586338463990887,0.16660755824529844,103.5449569820734
2015-05-01,0.22153167146704883,0.350236741707063,0.14629560777200595,0.4337521936515364,0.134653763746567,0.3119205588253485,0.17191083637657623,0.14421713212655296,102.31869650214142
2015-06-01,0.17950828891353757,0.21220275237377975,0.12928467886477066,0.2285649222187125,0.15107630162967184,0.21526722947500765,0.14611928904027485,0.16225670407291218,115.88028665124163
2015-07-01,0.18328045300544493,0.1644955801596993,0.1677933495482739,0.23514262462855848,0.17686688197590889,0.3264057573123099,0.23730896370875595,0.21814526456417263,98.73479281421764
2015-08-01,0.3113950411171546,0.23646402306911546,0.18793225693239496,0.3586221812025019,0.2319491261063979,0.4864388733250512,0.2741861038236544,0.24852417260168017,156.50362976849812
2015-09-01,0.4106162512160775,0.3681953340940382,0.32907279442275206,0.411021960853217,0.3015784244657416,0.5085253794203192,0.34038253823891396,0.3603268483308253,171.9326776079735
2015-10-01,0.27326870824245525,0.27155424798331934,0.2570308345272039,0.3217568271730388,0.27909260881647907,0.36656711004902237,0.29157509768202017,0.27287763047346497,110.70193773826144
2015-11-01,0.2636317512647347,0.3220407504371626,0.21737987783216295,0.2882807737446446,0.23047813104656867,0.4911324660465519,0.25473917418853853,0.2719388943859664,89.58371043936737
2015-12-01,0.25134731409434097,0.22396075351877062,0.22898041252913207,0.2551602185342075,0.21951899107233003,0.4251459682518756,0.22611662929448115,0.26917589571220446,101.96343285162988
2016-01-01,0.28238784534266287,0.25489231373360866,0.28008101547600256,0.3518427791618003,0.2963294831114234,0.39142912507738997,0.2610235316638223,0.30100219879872464,154.8573305883009
2016-02-01,0.36972915847782606,0.3367939561270887,0.3595480968345593,0.5373975181726596,0.32050998360382355,0.5400799316606067,0.27216106012437913,0.4371129934776466,148.32178884302218
2016-03-01,0.25635234384023736,0.27941976195020235,0.3732010503733688,0.3960072548592864,0.3144554389917371,0.5546790149493882,0.2761917326179983,0.46470123095810256,130.49015932384305
2016-04-01,0.19522615659099188,0.22034207626634508,0.2234684936731698,0.23281946129381778,0.2432271420990095,0.3716075365230499,0.2323720406288092,0.2835048738003503,96.41341581246452
2016-05-01,0.27436039077528784,0.2759805729290221,0.21157157611803226,0.3516070724968645,0.23333833378772423,0.35585023790507403,0.22510965048973114,0.2748066720909268,96.22233274231512
2016-06-01,0.21526316545442306,0.2153065675639851,0.21157599992163026,0.23633730438242787,0.21328606925323923,0.37683788170415505,0.21414712180387713,0.290738487206605,233.9561029807024
2016-07-01,0.1832982627595002,0.24917439579286665,0.31608702685446505,0.18045320906993248,0.3050022008864138,0.4483271324228569,0.267035645493515,0.4097589827631986,164.45840052945698
2016-08-01,0.22970538105327942,0.19120966644537882,0.17461316941634034,0.13241228271089633,0.33516106201766216,0.27243813019896373,0.24280744344891877,0.2640976716133317,106.88562278807385
2016-09-01,0.2072194750024983,0.10526790417381611,0.10444814165919276,0.14852352322645443,0.21510235365134392,0.2524518309237988,0.19575227233131617,0.17694664303589036,86.34353837572384
2016-10-01,0.20318220494446151,0.1535080031751932,0.13358654718804255,0.1781054943354999,0.17895634683133302,0.3034879655859027,0.20025710083716688,0.1906021122900856,108.06412479274996
2016-11-01,0.17062639481532424,0.19983962740593847,0.20495771359436213,0.28392818825672733,0.1811857114556343,0.30267897098356283,0.26925233938116166,0.25253041191435954,254.1013277977594
2016-12-01,0.17617241397928207,0.19260745008518962,0.22560701847070477,0.2677388505605871,0.24602744515884312,0.3300062597234222,0.33265778476087715,0.31255814004278487,161.42478617964736
2017-01-01,0.10059623308994921,0.13747496121923064,0.14847280574185234,0.18057725172482958,0.2790016126828938,0.27879992868994746,0.30483183503636063,0.2408098274777549,195.0406301487559
2017-02-01,0.18357947152862816,0.126178659116786,0.18653006671771055,0.1778643912575137,0.2287532592229281,0.26519870997646866,0.29366380707537515,0.23921215063863716,177.77771703078386
2017-03-01,0.14438426768415555,0.11105729293937418,0.17430836100216585,0.12602039285416683,0.1677245902873083,0.35980713552830634,0.24733276489284456,0.23107203349777428,154.6096950716648
2017-04-01,0.11149190026092488,0.08877303016575125,0.16171102851316385,0.13212264464695866,0.19340028605991028,0.3757654542881876,0.2014382517503861,0.24591500480851677,157.67652276048602
2017-05-01,0.15018227164075554,0.11780796185154639,0.17712005100074532,0.15407196036916157,0.20217952900870106,0.3750955619798814,0.19269147657868402,0.233365659232574,129.88805773509438
2017-06-01,0.20554569773362938,0.16698901967007992,0.1830307453743094,0.17277366434068384,0.1754508892938054,0.34779849382124667,0.1737028806673991,0.24545401123575097,120.638462013977
2017-07-01,0.18906756653334533,0.1720689340162987,0.15458112707125818,0.19664710194969223,0.1736103367714998,0.42157310033493545,0.1250829684410572,0.20399915009952818,141.13833497496017
2017-08-01,0.20488707084774335,0.13738207779918002,0.12965320118606632,0.1971317863316696,0.17088982952791512,0.4102788532802938,0.1593407035282253,0.19124650544138277,137.85970356732346
2017-09-01,0.19180178359296923,0.13339997989383162,0.14703286979132654,0.17666964007433061,0.1462370319451601,0.3355237780287396,0.1586639283481342,0.21918661397696143,116.62001749224488
2017-10-01,0.15767641586715614,0.12467349671427566,0.1417815600290989,0.18028100214870532,0.12934249056296754,0.3174660258007625,0.20328910043386908,0.18305326556592397,125.86584390490805
2017-11-01,0.193070030053352,0.1963217293737123,0.13736172693766205,0.3809680910553769,0.15180732761337717,0.3604842790246955,0.2414743885741663,0.1713769823158545,111.28268645750131
2017-12-01,0.1747537720235184,0.2016527781922024,0.17499907705539228,0.24301862118745654,0.14460452424601244,0.33017590846991474,0.2049263574238064,0.2046939161291414,140.35018163208687
2018-01-01,0.1568516861989066,0.1660121077270955,0.1456210384397626,0.16501707508014377,0.20576168143163154,0.3145455341176587,0.21617103459576348,0.15234233242785647,160.96720482315624
2018-02-01,0.27251075709775574,0.2870439495205795,0.2420124745728783,0.3027858209901362,0.33847082653840455,0.3802513200615547,0.30360537889343253,0.25606090236133827,114.75555830719168
2018-03-01,0.2855156856789745,0.3145126041378048,0.27079743972947223,0.2957045339406351,0.27219386423938374,0.4281515012741069,0.30757328317963883,0.27992071107019867,187.0958898895265
2018-04-01,0.2614845672175379,0.3612104973589998,0.2728338935799031,0.3703687595412672,0.23738217280581997,0.5986434034655742,0.3020503325029095,0.3064855435237461,139.0353863798274
2018-05-01,0.2815164481869235,0.25038803620138567,0.2113939723800093,0.31822802761488983,0.2103486181959762,0.4789090435517819,0.24455364279805233,0.2307901054432414,162.27669727441403
2018-06-01,0.1591117047103357,0.1488150468150302,0.20604516998133246,0.1504138393178959,0.15526396086669456,0.4516024802684483,0.4089727196193757,0.21120123168565264,134.40277095276352
2018-07-01,0.14581612323656312,0.16783066955451803,0.202957432388177,0.1934546055708156,0.1520038780839512,0.49141082545659415,0.3056799276845022,0.2179145233897685,176.20507806975243
2018-08-01,0.2181905738802083,0.184657910350612,0.17926229496202598,0.20579587213557093,0.23713819749464318,0.6628209615738693,0.25308541831260983,0.20234017630149378,114.9613708572396
2018-09-01,0.20269785059345677,0.16153216383776595,0.12466923526876719,0.20945458107758388,0.22874233429384871,0.6343358346748179,0.24230955345206695,0.13708899077858355,120.9851906831101
2018-10-01,0.25834204455003873,0.2528687071400276,0.1809804675046802,0.331633145295649,0.25576974076552117,0.849357084635787,0.2801297417548769,0.19632949398662763,136.11465330894578
2018-11-01,0.39677310284219286,0.38513155561594786,0.2285456244693385,0.5772110641899136,0.40313681142237245,0.6914656520117637,0.4032643401288465,0.26382995823548167,164.94220233666894
2018-12-01,0.4219549231006045,0.36454924422040946,0.2560890819538941,0.5519599391924856,0.32236013563959454,0.4538279306027059,0.360821008113975,0.29767284250913784,226.576887835438
2019-01-01,0.4874174545597702,0.3934959234829467,0.258316587443849,0.5276474056968651,0.3823255152116795,0.6720836469003917,0.3711000086596964,0.35081997851569013,284.1359376541715
2019-02-01,0.3737952074054035,0.28324276724942843,0.17161063594445936,0.38616901742808685,0.37375728161546046,0.5892751118782862,0.2792043270092111,0.28453698628655105,123.63928802128096
2019-03-01,0.21257903436928738,0.1800599002345985,0.15412192463893928,0.26101932001302536,0.254104574400164,0.4426797898371822,0.17084502596391588,0.17940052359395767,180.63169968632656
2019-04-01,0.18816122747845462,0.15253414843912674,0.21408510067739137,0.19216217596984342,0.23947505652035686,0.45695490853015047,0.18923207235736197,0.24534452440344678,109.68637345474951
2019-05-01,0.2663361837691777,0.19757934011308825,0.20535482960194187,0.20450977762068873,0.3469711652774223,0.46084933031757624,0.21104444586158932,0.2098973708783702,160.8581540301101
2019-06-01,0.3007916137640256,0.24359883987355038,0.17462005799509495,0.2758119247885415,0.24944065957816042,0.52459315354849,0.30198719487061476,0.25289855576789855,207.99137228425923
2019-07-01,0.1960646000607668,0.1815476051759929,0.16110571520258324,0.19061126812196127,0.2076488529805941,0.4234986386368075,0.19559675656663228,0.19912383741995904,207.745461743896
2019-08-01,0.28484338297614537,0.2226288371996322,0.22229751316239846,0.2138331062307883,0.2987560429876969,0.5562284759264453,0.19343292008317228,0.27632126779972355,282.52293100286573
2019-09-01,0.30406719441458124,0.2407287201768365,0.24929665071369017,0.22746960244804398,0.2292635638751197,0.4367330939748154,0.27786692796289547,0.3043532746612343,186.6406965622766
2019-10-01,0.21855613768491208,0.18653619014436593,0.20055954182630703,0.17697290910791413,0.23387616148796012,0.47453288691317747,0.28927208732800574,0.23108632837528803,159.5113928417186
2019-11-01,0.1859600677261318,0.16432983991990852,0.16427371525452197,0.1476866710701442,0.3026768356766312,0.5956641820852016,0.27341666400280257,0.17750576949040958,170.48034105615363
2019-12-01,0.17075806441823063,0.10375216304496697,0.12809083776405475,0.1373245055710578,0.20647286487231897,0.39212063371616,0.2226985340395505,0.1436062167680705,190.5049252842669
2020-01-01,0.1779946710964794,0.13410134558119852,0.15285504423418467,0.19539255402168573,0.15960061075562268,0.4246243962387939,0.20415434703347882,0.15828086559853688,164.75530578231132
2020-02-01,0.2829690435605967,0.24577583285408464,0.1962286448288573,0.2854280581217449,0.3162077225277297,0.9779615427047075,0.2359525337005008,0.21577339920535385,216.1912123553838
2020-03-01,0.7220580785812939,0.7356072375278547,0.7972843175193927,0.5004807914647031,0.6809839810501903,1.2646774164987296,0.8143242920220689,0.8327697548290923,425.7791697764692
2020-04-01,0.846629645622993,0.8929754245648551,1.1078171361855882,0.5561776681127005,1.0670592863408292,1.3306278725696274,1.2236899365810576,1.1625205005027868,400.9447431705236
2020-05-01,0.3800712111738138,0.401178747504013,0.6189613475421228,0.42648604376441285,0.6669382963320448,0.8310372911566155,0.7614877906296614,0.6727872320287872,503.9633367059844
2020-06-01,0.24982234651409713,0.26350399540672736,0.52572098729146,0.26925039462042577,0.6636144251649853,0.5757330248379072,0.6167705118792685,0.6290154833442123,300.2401726881104
2020-07-01,0.2889330364164566,0.2971929343201913,0.4512930149275865,0.3490728792346273,0.5545646788729256,0.7172786082819985,0.47259270309283025,0.5291734169543357,427.9153661127744
2020-08-01,0.4049673914551753,0.32272200757730013,0.2856148317798789,0.3878460815111096,0.3499800661940188,0.7812312490870629,0.4027273119107637,0.3121231415511016,263.471433963797
2020-09-01,0.4970516795529807,0.36462155284446096,0.2745243886323169,0.35197421330713385,0.2928587105967132,1.0848102309221193,0.4729783111426411,0.2715142646403611,252.5878427032177
2020-10-01,0.4623613608464684,0.34280770320777626,0.2646823437662214,0.40972214933491263,0.34295621820118327,0.9220020429034019,0.41653761360725594,0.30525961401035684,305.76662668120656
2020-11-01,0.39677447016653683,0.32592445575207785,0.4267111201558184,0.4134502823877731,0.38835021122389884,0.5182174662156875,0.4083446398393549,0.47163925267483914,327.60960495189306
2020-12-01,0.299799004848641,0.23841129023191246,0.40695152672219825,0.28981549777508697,0.3752567706226857,0.631959340337348,0.37227907456350023,0.42803324789488106,326.61663006838853
2021-01-01,0.31209329474439534,0.20773102545652256,0.2585509191862044,0.22838143589671167,0.36363556858454416,0.6119905537397663,0.4017347887145802,0.29199930118155104,261.30613275031254
2021-02-01,0.32041482326007076,0.24666815179265122,0.2506223804682188,0.2701654383123485,0.4392854998460574,0.5643775165262559,0.5066246455462156,0.31240344141787074,187.51961611197683
2021-03-01,0.33742977375446287,0.24449594363428345,0.2271777026915193,0.26752692428997626,0.4118007972879432,0.7752302130770765,0.40775936966318627,0.27818309429890337,166.7855324285332
2021-04-01,0.29230432058125855,0.23996518932579386,0.215315372284029,0.2415991671181304,0.40333993688426883,0.7100544097045363,0.39858627689482,0.2584884586858833,141.3001663096493
2021-05-01,0.23705885279793176,0.21426153641323292,0.20012675001211994,0.22307129823264674,0.4448397837056019,0.5097561570100464,0.34164581131982796,0.22212598414347334,172.09620892868668
2021-06-01,0.2068705751306351,0.19126032306926224,0.184666423881084,0.19755423970131955,0.503114575274941,0.4380428197431408,0.3250847041000597,0.19067042403207884,149.131269416058
2021-07-01,0.17860732562015835,0.13790898147019398,0.22189659668847503,0.21317313490341705,0.3458340041335218,0.3474980498244645,0.2944546855145457,0.272494455709644,182.171409450722
2021-08-01,0.19315288826882712,0.13392589129051855,0.21970772863321983,0.2892794314314978,0.3481362268145705,0.33000575246552305,0.40450816181801735,0.25394845293716456,157.1952139740155
2021-09-01,0.19768005882621628,0.1523493636136647,0.18142458157168417,0.20389115973368294,0.31533593187544157,0.3091321744403623,0.3410910607074924,0.2179465477037176,171.30044767776016
2021-10-01,0.20776403605255453,0.2164957531746992,0.23071256505432347,0.20774981590494537,0.34459359933358896,0.2774283152126903,0.2774326926749967,0.26409271101728754,136.92023897318535
2021-11-01,0.17999532929265852,0.1966331974885609,0.19122366772713872,0.25626609441063186,0.4246171163328737,0.6085669933114628,0.3317675522972036,0.22474443744478856,175.87287993217254
2021-12-01,0.2687294774927407,0.22965154907581872,0.20322522822048292,0.27126141111227126,0.4543371135705234,0.649859959579932,0.43500304920902066,0.258012181355979,201.43366532410732
2022-01-01,0.2880648444774579,0.28372053163388733,0.2667149301436308,0.25528956838621386,0.551422102942614,0.7046590126045197,0.4734899946663157,0.2828286258591688,155.279658979555
2022-02-01,0.29903976480793587,0.3131888794238727,0.30371772288329063,0.5268239653598594,0.5651399589139309,0.7259492043889519,0.39676448808238723,0.2687355970423965,140.442501940303
2022-03-01,0.30950802663216265,0.351388703792381,0.3322587831237702,0.5152891038058058,0.5377132917009227,0.6622497648398079,0.45130431707091256,0.37913679949368195,229.2447416565428
2022-04-01,0.30093935145769396,0.33241819526590743,0.3027307382629261,0.40379953420084275,0.44361250057295826,0.6158237025872055,0.44172647565854584,0.34789023165027644,168.82774660506905
2022-05-01,0.40454385160715833,0.40357690337538055,0.299044274418223,0.6292305161346035,0.4510798225390992,0.7356612969606955,0.44137358770356594,0.33299026088059785,190.45301794086703
2022-06-01,0.45628949443142364,0.37675506816743803,0.33486758744249767,0.616218210811108,0.5482468003801761,0.8385859860808121,0.5336018435001408,0.34931073375415495,152.81057402833767
2022-07-01,0.34707084997790677,0.33637624448950904,0.29568524426005566,0.4997511508737503,0.4988959761739726,0.6805798527864652,0.5355987648421153,0.31582482685741164,222.78993756365367
2022-08-01,0.25905466700455904,0.31765426153053083,0.26352511592549527,0.48573816146472437,0.445569133982584,0.5351574369272766,0.40934397087347113,0.30222354974217885,183.0348267700993
2022-09-01,0.2968576580538313,0.27407909483329734,0.25139977426417137,0.3983803145154219,0.4387365251279904,0.4090465929135355,0.364084772635327,0.26606184199062366,201.73848940265736
2022-10-01,0.370344346037547,0.35099406821650353,0.3502915408971998,0.42741742496441565,0.5793161541409315,0.5651756023025732,0.4979693984883275,0.36653773799851713,207.2753347956232
2022-11-01,0.45423517039622835,0.4699579783366576,0.3275466596727139,0.5683685444118227,0.39955041758641113,0.63569869139335,0.3973127950338268,0.3464376044534164,210.37489419320417
2022-12-01,0.4011736577153007,0.38368251811239606,0.21304832140970065,0.4774709359926624,0.34829630979286974,0.653758077394639,0.3342611346406946,0.27019809351355023,150.03712407268858
2023-01-01,0.3188033673491405,0.3117293308026595,0.18560111508189764,0.37368396336237764,0.4266063721110722,0.8544992306626819,0.3710156637454919,0.22953470638515458,161.42711351828396
2023-02-01,0.26029665088879517,0.32940219967977064,0.181817223709038,0.46264907599400623,0.4361719350999,0.7791906220133084,0.4281600599296564,0.1860147536902749,152.96728106380317
2023-03-01,0.2425361948263687,0.2942320722688945,0.27128374162202357,0.36744028780703397,0.39341787102069714,0.6202704013640723,0.3945517454111363,0.28144720190275246,200.48993632249247
2023-04-01,0.20006195173210797,0.2613547976399216,0.35112324548980817,0.30301050998691287,0.3550932239714403,0.533595254444545,0.3686443466253899,0.3800381495226667,165.4175590624888
2023-05-01,0.20685790651499422,0.28772855524652674,0.2725612893173318,0.34767118051945906,0.3216196977194101,0.5004632960255321,0.3276058498233033,0.2926235330805882,205.17645766377265
2023-06-01,0.16739550897480895,0.24302464534313734,0.1838432233683801,0.30398027418518464,0.3752276257562836,0.39550964106115094,0.32229755628243445,0.25153731466241613,179.30804360580655
2023-07-01,0.14446664512725765,0.247356999239046,0.16992366706775086,0.27054486920503207,0.30277996646859917,0.4990343158344637,0.2427900462352981,0.22676059889448985,132.710630244132
2023-08-01,0.1990314712726198,0.2517255006026775,0.16447321239995819,0.3345536657538665,0.277886781006469,0.4891020239008823,0.26769288033603594,0.24741309439538248,76.8442238599466
2023-09-01,0.2497165828155016,0.18779041683496067,0.14196684068599694,0.3033875806293573,0.22185704396832637,0.5315326718651108,0.24092701370157452,0.18840463411983097,117.69877740932384
2023-10-01,0.20150510991202764,0.21573624617199225,0.1445112628729205,0.3294780331217307,0.239593697113051,0.4815241185910329,0.2606557757258565,0.20636599056322744,133.59407497617926
2023-11-01,0.17769165574438542,0.23079230982773585,0.18203581398270752,0.3692059868511673,0.4785281993837326,0.5313940357668473,0.3567328319115013,0.31062929322229416,140.67720419175046
2023-12-01,0.15147319966883926,0.19295666409165807,0.12428179686605464,0.23721662211629035,0.3990634840194128,0.4116083535555072,0.41059372441330877,0.2803991445054617,107.0015790035396
2024-01-01,0.18703901820963298,0.1455384537223002,0.11322002288240318,0.19959487345668153,0.32435736904102097,0.37248119583780104,0.3046073896810686,0.24730977395710474,131.2736785982848
2024-02-01,0.19266306253819213,0.18194373005472647,0.12832777337914147,0.29991304848598005,0.34946393492902533,0.4964052268132121,0.2980842563652576,0.21307899164623673,106.51287342793694
2024-03-01,0.1756096454850351,0.21101415900102255,0.1277878117707743,0.2752765950284305,0.31980192534650975,0.48772342167821015,0.24513850499093479,0.19736110355416517,116.71150289896296
2024-04-01,0.23394530692694973,0.19170556644112569,0.20607600998507458,0.20168282618314654,0.3411334097904167,0.5034385030043527,0.24447708447446048,0.20619858376188835,139.4120173422644
2024-05-01,0.26455828739439957,0.21519043650455086,0.24557765005802945,0.2519640582155629,0.3348656738128639,0.7044416658276637,0.22313860124818355,0.22598168031291327,123.60752054667115
2024-06-01,0.2633514317121192,0.18264230385420083,0.21834663393339113,0.19127001389222295,0.25360860911357175,0.4704743508314548,0.24148747839365134,0.18784719923091123,144.17842439562995
2024-07-01,0.28646326738532424,0.18351495121086564,0.1972090786383675,0.24317728105195335,0.34413008702293624,0.5755935097605277,0.2818288996234628,0.2152905874982248,144.93679861142613
2024-08-01,0.2533947181012958,0.22705960106880338,0.2525669127016549,0.3789360904398663,0.6813131524399391,0.7321410739287567,0.38906106349888675,0.2796235962143069,138.3664253273809
2024-09-01,0.20889286362473775,0.1881038319727558,0.24188316315895064,0.339553195031853,0.342749049585591,0.5924618273530624,0.3340042854229286,0.2197621008258058,127.39912062749826
2024-10-01,0.22521553509733513,0.17021616498853112,0.23481736984929658,0.24118064859276037,0.2642133122795324,0.5843784223193763,0.35010127779797345,0.2114999025398473,109.29088880997024
2024-11-01,0.18515904521228305,0.23992592138850427,0.356148446869602,0.3075270824479823,0.379485839775096,0.8560575142175393,0.39288156949645725,0.2882556637722233,225.04903075137688
2024-12-01,0.14821676235940115,0.21758246151021413,0.29964743101785035,0.3167508194971084,0.31983613900150204,0.700582277943613,0.40399211916610644,0.24222654103081975,218.8454805684385
